benchmark,dataset,before_us,after_us,jackson_us
ParseBenchmark.galtaStream,deep,18.506,17.859,20.577
ParseBenchmark.galtaStream,large,19634.967,14445.440,23192.010
ParseBenchmark.galtaStream,medium,194.154,149.787,207.236
ParseBenchmark.galtaStream,numbers,2101.995,1287.845,1400.005
ParseBenchmark.galtaStream,pretty,228.512,188.118,220.743
ParseBenchmark.galtaStream,small,0.771,0.777,0.540
ParseBenchmark.galtaStream,strings,443.711,389.034,194.456
ParseBenchmark.galtaStream,worldcup,124.434,123.852,118.118
ParseBenchmark.galtaString,deep,17.091,17.882,21.710
ParseBenchmark.galtaString,large,20648.006,14653.918,21106.829
ParseBenchmark.galtaString,medium,194.277,147.675,230.741
ParseBenchmark.galtaString,numbers,2088.877,1285.427,1354.516
ParseBenchmark.galtaString,pretty,225.902,183.954,238.072
ParseBenchmark.galtaString,small,0.387,0.374,0.622
ParseBenchmark.galtaString,strings,240.935,203.490,240.049
ParseBenchmark.galtaString,worldcup,117.687,118.212,128.202
StringifyBenchmark.galtaCompact,large,18363.611,13368.699,11577.125
StringifyBenchmark.galtaCompact,medium,167.062,122.813,107.789
StringifyBenchmark.galtaCompact,numbers,1564.428,954.582,721.020
StringifyBenchmark.galtaCompact,pretty,166.099,119.659,107.674
StringifyBenchmark.galtaCompact,small,0.356,0.312,0.328
StringifyBenchmark.galtaCompact,strings,390.179,304.176,208.906
StringifyBenchmark.galtaCompact,worldcup,64.884,56.111,53.912
StringifyBenchmark.galtaPretty,large,21541.206,16280.402,15621.868
StringifyBenchmark.galtaPretty,medium,213.837,184.248,164.743
StringifyBenchmark.galtaPretty,numbers,1704.830,1052.266,723.897
StringifyBenchmark.galtaPretty,pretty,214.265,173.611,164.361
StringifyBenchmark.galtaPretty,small,0.452,0.420,0.463
StringifyBenchmark.galtaPretty,strings,398.243,278.355,209.740
StringifyBenchmark.galtaPretty,worldcup,93.729,90.594,83.541
StringifyBenchmark.galtaRoundTrip,large,37954.685,26850.791,
StringifyBenchmark.galtaRoundTrip,medium,358.812,264.434,
StringifyBenchmark.galtaRoundTrip,numbers,3660.192,2231.185,
StringifyBenchmark.galtaRoundTrip,pretty,413.510,307.889,
StringifyBenchmark.galtaRoundTrip,small,0.761,0.710,
StringifyBenchmark.galtaRoundTrip,strings,597.961,459.433,
StringifyBenchmark.galtaRoundTrip,worldcup,180.543,175.459,
