benchmark,params,mode,score,error,unit,alloc_bytes_per_op
ParseBenchmark.galtaStream,dataset=small,avgt,0.978,0.007,us/op,
ParseBenchmark.galtaStream,dataset=medium,avgt,276.734,5.229,us/op,
ParseBenchmark.galtaStream,dataset=large,avgt,25404.722,1791.182,us/op,
ParseBenchmark.galtaStream,dataset=numbers,avgt,2383.966,14.437,us/op,
ParseBenchmark.galtaStream,dataset=strings,avgt,416.782,110.705,us/op,
ParseBenchmark.galtaStream,dataset=deep,avgt,26.565,1.005,us/op,
ParseBenchmark.galtaStream,dataset=pretty,avgt,249.736,4.311,us/op,
ParseBenchmark.galtaStream,dataset=worldcup,avgt,137.082,1.044,us/op,
ParseBenchmark.galtaString,dataset=small,avgt,0.496,0.004,us/op,
ParseBenchmark.galtaString,dataset=medium,avgt,266.468,5.360,us/op,
ParseBenchmark.galtaString,dataset=large,avgt,23846.675,769.307,us/op,
ParseBenchmark.galtaString,dataset=numbers,avgt,2409.080,115.090,us/op,
ParseBenchmark.galtaString,dataset=strings,avgt,271.171,7.155,us/op,
ParseBenchmark.galtaString,dataset=deep,avgt,23.124,0.590,us/op,
ParseBenchmark.galtaString,dataset=pretty,avgt,242.351,6.563,us/op,
ParseBenchmark.galtaString,dataset=worldcup,avgt,130.224,2.257,us/op,
ParseBenchmark.gsonStream,dataset=small,avgt,1.449,0.028,us/op,
ParseBenchmark.gsonStream,dataset=medium,avgt,248.094,11.969,us/op,
ParseBenchmark.gsonStream,dataset=large,avgt,24175.946,832.628,us/op,
ParseBenchmark.gsonStream,dataset=numbers,avgt,1203.129,11.631,us/op,
ParseBenchmark.gsonStream,dataset=strings,avgt,795.158,114.137,us/op,
ParseBenchmark.gsonStream,dataset=deep,avgt,26.369,0.497,us/op,
ParseBenchmark.gsonStream,dataset=pretty,avgt,263.479,1.592,us/op,
ParseBenchmark.gsonStream,dataset=worldcup,avgt,200.578,1.367,us/op,
ParseBenchmark.gsonString,dataset=small,avgt,1.032,0.049,us/op,
ParseBenchmark.gsonString,dataset=medium,avgt,238.065,2.089,us/op,
ParseBenchmark.gsonString,dataset=large,avgt,23376.319,224.186,us/op,
ParseBenchmark.gsonString,dataset=numbers,avgt,1199.541,45.164,us/op,
ParseBenchmark.gsonString,dataset=strings,avgt,652.072,9.080,us/op,
ParseBenchmark.gsonString,dataset=deep,avgt,25.851,0.543,us/op,
ParseBenchmark.gsonString,dataset=pretty,avgt,257.861,0.990,us/op,
ParseBenchmark.gsonString,dataset=worldcup,avgt,181.243,3.506,us/op,
ParseBenchmark.jacksonStream,dataset=small,avgt,0.576,0.011,us/op,
ParseBenchmark.jacksonStream,dataset=medium,avgt,212.721,2.571,us/op,
ParseBenchmark.jacksonStream,dataset=large,avgt,24950.624,954.365,us/op,
ParseBenchmark.jacksonStream,dataset=numbers,avgt,1460.698,7.139,us/op,
ParseBenchmark.jacksonStream,dataset=strings,avgt,217.185,16.673,us/op,
ParseBenchmark.jacksonStream,dataset=deep,avgt,23.203,0.397,us/op,
ParseBenchmark.jacksonStream,dataset=pretty,avgt,233.549,1.603,us/op,
ParseBenchmark.jacksonStream,dataset=worldcup,avgt,124.920,0.849,us/op,
ParseBenchmark.jacksonString,dataset=small,avgt,0.662,0.031,us/op,
ParseBenchmark.jacksonString,dataset=medium,avgt,242.045,1.574,us/op,
ParseBenchmark.jacksonString,dataset=large,avgt,23858.481,588.956,us/op,
ParseBenchmark.jacksonString,dataset=numbers,avgt,1381.928,34.578,us/op,
ParseBenchmark.jacksonString,dataset=strings,avgt,259.114,4.213,us/op,
ParseBenchmark.jacksonString,dataset=deep,avgt,21.110,0.403,us/op,
ParseBenchmark.jacksonString,dataset=pretty,avgt,259.615,2.336,us/op,
ParseBenchmark.jacksonString,dataset=worldcup,avgt,139.177,4.623,us/op,
ReadBenchmark.jsonPathGoals,,avgt,4.602,1.335,us/op,
ReadBenchmark.loopGoals,,avgt,1.551,0.015,us/op,
StringifyBenchmark.galtaCompact,dataset=small,avgt,0.918,0.053,us/op,
StringifyBenchmark.galtaCompact,dataset=medium,avgt,239.854,4.259,us/op,
StringifyBenchmark.galtaCompact,dataset=large,avgt,24714.028,617.178,us/op,
StringifyBenchmark.galtaCompact,dataset=numbers,avgt,1807.906,28.615,us/op,
StringifyBenchmark.galtaCompact,dataset=strings,avgt,640.921,5.410,us/op,
StringifyBenchmark.galtaCompact,dataset=deep,avgt,28.313,0.372,us/op,
StringifyBenchmark.galtaCompact,dataset=pretty,avgt,238.770,8.457,us/op,
StringifyBenchmark.galtaCompact,dataset=worldcup,avgt,97.545,1.078,us/op,
StringifyBenchmark.galtaPretty,dataset=small,avgt,1.012,0.004,us/op,
StringifyBenchmark.galtaPretty,dataset=medium,avgt,293.896,7.738,us/op,
StringifyBenchmark.galtaPretty,dataset=large,avgt,30238.276,687.618,us/op,
StringifyBenchmark.galtaPretty,dataset=numbers,avgt,1909.716,28.242,us/op,
StringifyBenchmark.galtaPretty,dataset=strings,avgt,651.665,2.514,us/op,
StringifyBenchmark.galtaPretty,dataset=deep,avgt,1757.455,23.707,us/op,
StringifyBenchmark.galtaPretty,dataset=pretty,avgt,295.397,1.284,us/op,
StringifyBenchmark.galtaPretty,dataset=worldcup,avgt,189.341,1.470,us/op,
StringifyBenchmark.galtaRoundTrip,dataset=small,avgt,1.784,0.072,us/op,
StringifyBenchmark.galtaRoundTrip,dataset=medium,avgt,548.443,2.937,us/op,
StringifyBenchmark.galtaRoundTrip,dataset=large,avgt,52684.053,985.922,us/op,
StringifyBenchmark.galtaRoundTrip,dataset=numbers,avgt,4266.484,75.583,us/op,
StringifyBenchmark.galtaRoundTrip,dataset=strings,avgt,935.121,30.130,us/op,
StringifyBenchmark.galtaRoundTrip,dataset=deep,avgt,88.917,0.513,us/op,
StringifyBenchmark.galtaRoundTrip,dataset=pretty,avgt,528.591,18.714,us/op,
StringifyBenchmark.galtaRoundTrip,dataset=worldcup,avgt,253.240,2.108,us/op,
StringifyBenchmark.gsonCompact,dataset=small,avgt,0.862,0.008,us/op,
StringifyBenchmark.gsonCompact,dataset=medium,avgt,294.841,10.590,us/op,
StringifyBenchmark.gsonCompact,dataset=large,avgt,29098.817,301.586,us/op,
StringifyBenchmark.gsonCompact,dataset=numbers,avgt,2430.236,124.867,us/op,
StringifyBenchmark.gsonCompact,dataset=strings,avgt,437.034,4.869,us/op,
StringifyBenchmark.gsonCompact,dataset=deep,avgt,38.068,1.002,us/op,
StringifyBenchmark.gsonCompact,dataset=pretty,avgt,293.228,4.972,us/op,
StringifyBenchmark.gsonCompact,dataset=worldcup,avgt,187.872,1.304,us/op,
StringifyBenchmark.gsonPretty,dataset=small,avgt,1.106,0.045,us/op,
StringifyBenchmark.gsonPretty,dataset=medium,avgt,397.436,0.951,us/op,
StringifyBenchmark.gsonPretty,dataset=large,avgt,40131.359,1744.720,us/op,
StringifyBenchmark.gsonPretty,dataset=numbers,avgt,2954.524,129.029,us/op,
StringifyBenchmark.gsonPretty,dataset=strings,avgt,414.215,5.362,us/op,
StringifyBenchmark.gsonPretty,dataset=deep,avgt,2206.130,16.997,us/op,
StringifyBenchmark.gsonPretty,dataset=pretty,avgt,398.828,6.659,us/op,
StringifyBenchmark.gsonPretty,dataset=worldcup,avgt,367.280,0.937,us/op,
StringifyBenchmark.jacksonCompact,dataset=small,avgt,0.344,0.003,us/op,
StringifyBenchmark.jacksonCompact,dataset=medium,avgt,106.446,4.796,us/op,
StringifyBenchmark.jacksonCompact,dataset=large,avgt,13241.492,813.637,us/op,
StringifyBenchmark.jacksonCompact,dataset=numbers,avgt,730.029,6.800,us/op,
StringifyBenchmark.jacksonCompact,dataset=strings,avgt,220.405,5.559,us/op,
StringifyBenchmark.jacksonCompact,dataset=deep,avgt,11.441,0.200,us/op,
StringifyBenchmark.jacksonCompact,dataset=pretty,avgt,105.643,0.762,us/op,
StringifyBenchmark.jacksonCompact,dataset=worldcup,avgt,56.881,1.009,us/op,
StringifyBenchmark.jacksonPretty,dataset=small,avgt,0.485,0.009,us/op,
StringifyBenchmark.jacksonPretty,dataset=medium,avgt,168.964,0.702,us/op,
StringifyBenchmark.jacksonPretty,dataset=large,avgt,17176.490,1242.592,us/op,
StringifyBenchmark.jacksonPretty,dataset=numbers,avgt,771.513,30.766,us/op,
StringifyBenchmark.jacksonPretty,dataset=strings,avgt,215.740,0.788,us/op,
StringifyBenchmark.jacksonPretty,dataset=deep,avgt,90.227,5.472,us/op,
StringifyBenchmark.jacksonPretty,dataset=pretty,avgt,169.272,2.933,us/op,
StringifyBenchmark.jacksonPretty,dataset=worldcup,avgt,85.687,0.444,us/op,
